[
  {
    "address": "Charitéplatz 1",
    "department": "Gastroenterologie",
    "id": 0,
    "name": "Charité – Universitätsmedizin Berlin",
    "phone": "+49 (0)30-450578244",
    "postcode": "10117"
  },
  {
    "address": "Charitéplatz 1",
    "department": "Kardiologie",
    "id": 1,
    "name": "Charité – Universitätsmedizin Berlin",
    "phone": "+49 (0)30-450578245",
    "postcode": "10117"
  },
  {
    "address": "Charitéplatz 1",
    "department": "Endokrinologie",
    "id": 2,
    "name": "Charité – Universitätsmedizin Berlin",
    "phone": "+49 (0)30-450578246",
    "postcode": "10117"
  },
  {
    "address": "Charitéplatz 1",
    "department": "Hämatologie",
    "id": 3,
    "name": "Charité – Universitätsmedizin Berlin",
    "phone": "+49 (0)30-450578247",
    "postcode": "10117"
  },
  {
    "address": "Charitéplatz 1",
    "department": "Nephrologie",
    "id": 4,
    "name": "Charité – Universitätsmedizin Berlin",
    "phone": "+49 (0)30-450578248",
    "postcode": "10117"
  },
  {
    "address": "Charitéplatz 1",
    "department": "Geriatrie",
    "id": 5,
    "name": "Charité – Universitätsmedizin Berlin",
    "phone": "+49 (0)30-450578249",
    "postcode": "10117"
  },
  {
    "address": "Charitéplatz 1",
    "department": "Klinische Abteilung für Rheumatologie",
    "id": 6,
    "name": "Charité – Universitätsmedizin Berlin",
    "phone": "+49 (0)30-450578250",
    "postcode": "10117"
  },
  {
    "address": "Charitéplatz 1",
    "department": "Generelle Operation",
    "id": 7,
    "name": "Charité – Universitätsmedizin Berlin",
    "phone": "+49 (0)30-450578251",
    "postcode": "10117"
  },
  {
    "address": "Charitéplatz 1",
    "department": "Plastische und Verbrennungschirurgie",
    "id": 8,
    "name": "Charité – Universitätsmedizin Berlin",
    "phone": "+49 (0)30-450578252",
    "postcode": "10117"
  },
  {
    "address": "Charitéplatz 1",
    "department": "Orthopädie",
    "id": 9,
    "name": "Charité – Universitätsmedizin Berlin",
    "phone": "+49 (0)30-450578253",
    "postcode": "10117"
  },
  {
    "address": "Charitéplatz 1",
    "department": "Herzchirugie",
    "id": 10,
    "name": "Charité – Universitätsmedizin Berlin",
    "phone": "+49 (0)30-450578254",
    "postcode": "10117"
  },
  {
    "address": "Charitéplatz 1",
    "department": "Brustchirurgie",
    "id": 11,
    "name": "Charité – Universitätsmedizin Berlin",
    "phone": "+49 (0)30-450578255",
    "postcode": "10117"
  },
  {
    "address": "Charitéplatz 1",
    "department": "Urologie",
    "id": 12,
    "name": "Charité – Universitätsmedizin Berlin",
    "phone": "+49 (0)30-450578256",
    "postcode": "10117"
  },
  {
    "address": "Charitéplatz 1",
    "department": "Anästhesiologie",
    "id": 13,
    "name": "Charité – Universitätsmedizin Berlin",
    "phone": "+49 (0)30-450578257",
    "postcode": "10117"
  },
  {
    "address": "Charitéplatz 1",
    "department": "Intensivmedizin",
    "id": 14,
    "name": "Charité – Universitätsmedizin Berlin",
    "phone": "+49 (0)30-450578258",
    "postcode": "10117"
  },
  {
    "address": "Charitéplatz 1",
    "department": "Interventionelle Gefäßchirurgie",
    "id": 15,
    "name": "Charité – Universitätsmedizin Berlin",
    "phone": "+49 (0)30-450578259",
    "postcode": "10117"
  },
  {
    "address": "Charitéplatz 1",
    "department": "Geburtshilfe und Gynäkologie",
    "id": 16,
    "name": "Charité – Universitätsmedizin Berlin",
    "phone": "+49 (0)30-450578260",
    "postcode": "10117"
  },
  {
    "address": "Charitéplatz 1",
    "department": "Pädiatrie",
    "id": 17,
    "name": "Charité – Universitätsmedizin Berlin",
    "phone": "+49 (0)30-450578261",
    "postcode": "10117"
  },
  {
    "address": "Charitéplatz 1",
    "department": "Kinderchirurgie",
    "id": 18,
    "name": "Charité – Universitätsmedizin Berlin",
    "phone": "+49 (0)30-450578262",
    "postcode": "10117"
  },
  {
    "address": "Charitéplatz 1",
    "department": "Epilepsiechirurgie für Kinder",
    "id": 19,
    "name": "Charité – Universitätsmedizin Berlin",
    "phone": "+49 (0)30-450578263",
    "postcode": "10117"
  },
  {
    "address": "Charitéplatz 1",
    "department": "Augenheilkunde",
    "id": 20,
    "name": "Charité – Universitätsmedizin Berlin",
    "phone": "+49 (0)30-450578264",
    "postcode": "10117"
  },
  {
    "address": "Charitéplatz 1",
    "department": "Kinderaugenheilkunde",
    "id": 21,
    "name": "Charité – Universitätsmedizin Berlin",
    "phone": "+49 (0)30-450578265",
    "postcode": "10117"
  },
  {
    "address": "Charitéplatz 1",
    "department": "Hals-Nasen-Ohren-Heilkunde-Kopf-Hals-Chirurgie",
    "id": 22,
    "name": "Charité – Universitätsmedizin Berlin",
    "phone": "+49 (0)30-450578266",
    "postcode": "10117"
  },
  {
    "address": "Charitéplatz 1",
    "department": "Dermatologie",
    "id": 23,
    "name": "Charité – Universitätsmedizin Berlin",
    "phone": "+49 (0)30-450578267",
    "postcode": "10117"
  },
  {
    "address": "Charitéplatz 1",
    "department": "Neurologie",
    "id": 24,
    "name": "Charité – Universitätsmedizin Berlin",
    "phone": "+49 (0)30-450578268",
    "postcode": "10117"
  },
  {
    "address": "Charitéplatz 1",
    "department": "Neurochirurgie",
    "id": 25,
    "name": "Charité – Universitätsmedizin Berlin",
    "phone": "+49 (0)30-450578269",
    "postcode": "10117"
  },
  {
    "address": "Charitéplatz 1",
    "department": "Abteilung für Infektionskrankheiten",
    "id": 26,
    "name": "Charité – Universitätsmedizin Berlin",
    "phone": "+49 (0)30-450578270",
    "postcode": "10117"
  },
  {
    "address": "Charitéplatz 1",
    "department": "Institut für Traditionelle Chinesische Medizin, Integrierte Traditionelle Chinesische und Westliche Medizin",
    "id": 27,
    "name": "Charité – Universitätsmedizin Berlin",
    "phone": "+49 (0)30-450578271",
    "postcode": "10117"
  },
  {
    "address": "Charitéplatz 1",
    "department": "Notfallabteilung",
    "id": 28,
    "name": "Charité – Universitätsmedizin Berlin",
    "phone": "+49 (0)30-450578272",
    "postcode": "10117"
  },
  {
    "address": "Charitéplatz 1",
    "department": "Abteilung für Strahlentherapie",
    "id": 29,
    "name": "Charité – Universitätsmedizin Berlin",
    "phone": "+49 (0)30-450578273",
    "postcode": "10117"
  },
  {
    "address": "Charitéplatz 1",
    "department": "Klinik für Onkologie Chemotherapie",
    "id": 30,
    "name": "Charité – Universitätsmedizin Berlin",
    "phone": "+49 (0)30-450578274",
    "postcode": "10117"
  },
  {
    "address": "Charitéplatz 1",
    "department": "Stomatologie",
    "id": 31,
    "name": "Charité – Universitätsmedizin Berlin",
    "phone": "+49 (0)30-450578275",
    "postcode": "10117"
  },
  {
    "address": "Charitéplatz 1",
    "department": "Institut für Klinische Pharmakologie",
    "id": 32,
    "name": "Charité – Universitätsmedizin Berlin",
    "phone": "+49 (0)30-450578276",
    "postcode": "10117"
  },
  {
    "address": "Charitéplatz 1",
    "department": "Zentrum für Gesundheitsmanagement",
    "id": 33,
    "name": "Charité – Universitätsmedizin Berlin",
    "phone": "+49 (0)30-450578277",
    "postcode": "10117"
  },
  {
    "address": "Charitéplatz 1",
    "department": "Allgemeine Praxis",
    "id": 34,
    "name": "Charité – Universitätsmedizin Berlin",
    "phone": "+49 (0)30-450578278",
    "postcode": "10117"
  }
]