[
  {
    "arriveBy": "08:05",
    "day": "Montag",
    "departure": "Hamburg",
    "destination": "Berlin",
    "duration": "1 Stunde 55 Minuten",
    "leaveAt": "06:10",
    "price": "32 Euros",
    "trainID": "DE001"
  },
  {
    "arriveBy": "08:05",
    "day": "Dienstag",
    "departure": "Hamburg",
    "destination": "Berlin",
    "duration": "1 Stunde 55 Minuten",
    "leaveAt": "06:10",
    "price": "27 Euros",
    "trainID": "DE002"
  },
  {
    "arriveBy": "08:05",
    "day": "Mittwoch",
    "departure": "Hamburg",
    "destination": "Berlin",
    "duration": "1 Stunde 55 Minuten",
    "leaveAt": "06:10",
    "price": "32 Euros",
    "trainID": "DE003"
  },
  {
    "arriveBy": "08:05",
    "day": "Donnerstag",
    "departure": "Hamburg",
    "destination": "Berlin",
    "duration": "1 Stunde 55 Minuten",
    "leaveAt": "06:10",
    "price": "29 Euros",
    "trainID": "DE004"
  },
  {
    "arriveBy": "08:05",
    "day": "Freitag",
    "departure": "Hamburg",
    "destination": "Berlin",
    "duration": "1 Stunde 55 Minuten",
    "leaveAt": "06:10",
    "price": "37 Euros",
    "trainID": "DE005"
  },
  {
    "arriveBy": "08:05",
    "day": "Samstag",
    "departure": "Hamburg",
    "destination": "Berlin",
    "duration": "1 Stunde 55 Minuten",
    "leaveAt": "06:10",
    "price": "21 Euros",
    "trainID": "DE006"
  },
  {
    "arriveBy": "08:05",
    "day": "Sonntag",
    "departure": "Hamburg",
    "destination": "Berlin",
    "duration": "1 Stunde 55 Minuten",
    "leaveAt": "06:10",
    "price": "26 Euros",
    "trainID": "DE007"
  },
  {
    "arriveBy": "08:35",
    "day": "Montag",
    "departure": "Hamburg",
    "destination": "Berlin",
    "duration": "1 Stunde 55 Minuten",
    "leaveAt": "06:40",
    "price": "24 Euros",
    "trainID": "DE008"
  },
  {
    "arriveBy": "08:35",
    "day": "Dienstag",
    "departure": "Hamburg",
    "destination": "Berlin",
    "duration": "1 Stunde 55 Minuten",
    "leaveAt": "06:40",
    "price": "34 Euros",
    "trainID": "DE009"
  },
  {
    "arriveBy": "08:35",
    "day": "Mittwoch",
    "departure": "Hamburg",
    "destination": "Berlin",
    "duration": "1 Stunde 55 Minuten",
    "leaveAt": "06:40",
    "price": "34 Euros",
    "trainID": "DE010"
  },
  {
    "arriveBy": "08:35",
    "day": "Donnerstag",
    "departure": "Hamburg",
    "destination": "Berlin",
    "duration": "1 Stunde 55 Minuten",
    "leaveAt": "06:40",
    "price": "22 Euros",
    "trainID": "DE011"
  },
  {
    "arriveBy": "08:35",
    "day": "Freitag",
    "departure": "Hamburg",
    "destination": "Berlin",
    "duration": "1 Stunde 55 Minuten",
    "leaveAt": "06:40",
    "price": "28 Euros",
    "trainID": "DE012"
  },
  {
    "arriveBy": "08:35",
    "day": "Samstag",
    "departure": "Hamburg",
    "destination": "Berlin",
    "duration": "1 Stunde 55 Minuten",
    "leaveAt": "06:40",
    "price": "39 Euros",
    "trainID": "DE013"
  },
  {
    "arriveBy": "08:35",
    "day": "Sonntag",
    "departure": "Hamburg",
    "destination": "Berlin",
    "duration": "1 Stunde 55 Minuten",
    "leaveAt": "06:40",
    "price": "30 Euros",
    "trainID": "DE014"
  },
  {
    "arriveBy": "16:39",
    "day": "Montag",
    "departure": "München",
    "destination": "Berlin",
    "duration": "5 Stunden 17 Minuten",
    "leaveAt": "11:22",
    "price": "27 Euros",
    "trainID": "DE015"
  },
  {
    "arriveBy": "16:39",
    "day": "Dienstag",
    "departure": "München",
    "destination": "Berlin",
    "duration": "5 Stunden 17 Minuten",
    "leaveAt": "11:22",
    "price": "32 Euros",
    "trainID": "DE016"
  },
  {
    "arriveBy": "16:39",
    "day": "Mittwoch",
    "departure": "München",
    "destination": "Berlin",
    "duration": "5 Stunden 17 Minuten",
    "leaveAt": "11:22",
    "price": "21 Euros",
    "trainID": "DE017"
  },
  {
    "arriveBy": "16:39",
    "day": "Donnerstag",
    "departure": "München",
    "destination": "Berlin",
    "duration": "5 Stunden 17 Minuten",
    "leaveAt": "11:22",
    "price": "31 Euros",
    "trainID": "DE018"
  },
  {
    "arriveBy": "16:39",
    "day": "Freitag",
    "departure": "München",
    "destination": "Berlin",
    "duration": "5 Stunden 17 Minuten",
    "leaveAt": "11:22",
    "price": "21 Euros",
    "trainID": "DE019"
  },
  {
    "arriveBy": "16:39",
    "day": "Samstag",
    "departure": "München",
    "destination": "Berlin",
    "duration": "5 Stunden 17 Minuten",
    "leaveAt": "11:22",
    "price": "27 Euros",
    "trainID": "DE020"
  },
  {
    "arriveBy": "16:39",
    "day": "Sonntag",
    "departure": "München",
    "destination": "Berlin",
    "duration": "5 Stunden 17 Minuten",
    "leaveAt": "11:22",
    "price": "34 Euros",
    "trainID": "DE021"
  },
  {
    "arriveBy": "13:37",
    "day": "Montag",
    "departure": "München",
    "destination": "Berlin",
    "duration": "5 Stunden 17 Minuten",
    "leaveAt": "08:20",
    "price": "26 Euros",
    "trainID": "DE022"
  },
  {
    "arriveBy": "13:37",
    "day": "Dienstag",
    "departure": "München",
    "destination": "Berlin",
    "duration": "5 Stunden 17 Minuten",
    "leaveAt": "08:20",
    "price": "29 Euros",
    "trainID": "DE023"
  },
  {
    "arriveBy": "13:37",
    "day": "Mittwoch",
    "departure": "München",
    "destination": "Berlin",
    "duration": "5 Stunden 17 Minuten",
    "leaveAt": "08:20",
    "price": "25 Euros",
    "trainID": "DE024"
  },
  {
    "arriveBy": "13:37",
    "day": "Donnerstag",
    "departure": "München",
    "destination": "Berlin",
    "duration": "5 Stunden 17 Minuten",
    "leaveAt": "08:20",
    "price": "35 Euros",
    "trainID": "DE025"
  },
  {
    "arriveBy": "13:37",
    "day": "Freitag",
    "departure": "München",
    "destination": "Berlin",
    "duration": "5 Stunden 17 Minuten",
    "leaveAt": "08:20",
    "price": "29 Euros",
    "trainID": "DE026"
  },
  {
    "arriveBy": "13:37",
    "day": "Samstag",
    "departure": "München",
    "destination": "Berlin",
    "duration": "5 Stunden 17 Minuten",
    "leaveAt": "08:20",
    "price": "22 Euros",
    "trainID": "DE027"
  },
  {
    "arriveBy": "13:37",
    "day": "Sonntag",
    "departure": "München",
    "destination": "Berlin",
    "duration": "5 Stunden 17 Minuten",
    "leaveAt": "08:20",
    "price": "34 Euros",
    "trainID": "DE028"
  },
  {
    "arriveBy": "13:42",
    "day": "Montag",
    "departure": "Frankfurt am Main",
    "destination": "Berlin",
    "duration": "4 Stunden 17 Minuten",
    "leaveAt": "09:25",
    "price": "21 Euros",
    "trainID": "DE029"
  },
  {
    "arriveBy": "13:42",
    "day": "Dienstag",
    "departure": "Frankfurt am Main",
    "destination": "Berlin",
    "duration": "4 Stunden 17 Minuten",
    "leaveAt": "09:25",
    "price": "25 Euros",
    "trainID": "DE030"
  },
  {
    "arriveBy": "13:42",
    "day": "Mittwoch",
    "departure": "Frankfurt am Main",
    "destination": "Berlin",
    "duration": "4 Stunden 17 Minuten",
    "leaveAt": "09:25",
    "price": "27 Euros",
    "trainID": "DE031"
  },
  {
    "arriveBy": "13:42",
    "day": "Donnerstag",
    "departure": "Frankfurt am Main",
    "destination": "Berlin",
    "duration": "4 Stunden 17 Minuten",
    "leaveAt": "09:25",
    "price": "34 Euros",
    "trainID": "DE032"
  },
  {
    "arriveBy": "13:42",
    "day": "Freitag",
    "departure": "Frankfurt am Main",
    "destination": "Berlin",
    "duration": "4 Stunden 17 Minuten",
    "leaveAt": "09:25",
    "price": "39 Euros",
    "trainID": "DE033"
  },
  {
    "arriveBy": "13:42",
    "day": "Samstag",
    "departure": "Frankfurt am Main",
    "destination": "Berlin",
    "duration": "4 Stunden 17 Minuten",
    "leaveAt": "09:25",
    "price": "40 Euros",
    "trainID": "DE034"
  },
  {
    "arriveBy": "13:42",
    "day": "Sonntag",
    "departure": "Frankfurt am Main",
    "destination": "Berlin",
    "duration": "4 Stunden 17 Minuten",
    "leaveAt": "09:25",
    "price": "35 Euros",
    "trainID": "DE035"
  },
  {
    "arriveBy": "18:42",
    "day": "Montag",
    "departure": "Frankfurt am Main",
    "destination": "Berlin",
    "duration": "4 Stunden 17 Minuten",
    "leaveAt": "14:25",
    "price": "21 Euros",
    "trainID": "DE036"
  },
  {
    "arriveBy": "18:42",
    "day": "Dienstag",
    "departure": "Frankfurt am Main",
    "destination": "Berlin",
    "duration": "4 Stunden 17 Minuten",
    "leaveAt": "14:25",
    "price": "40 Euros",
    "trainID": "DE037"
  },
  {
    "arriveBy": "18:42",
    "day": "Mittwoch",
    "departure": "Frankfurt am Main",
    "destination": "Berlin",
    "duration": "4 Stunden 17 Minuten",
    "leaveAt": "14:25",
    "price": "25 Euros",
    "trainID": "DE038"
  },
  {
    "arriveBy": "18:42",
    "day": "Donnerstag",
    "departure": "Frankfurt am Main",
    "destination": "Berlin",
    "duration": "4 Stunden 17 Minuten",
    "leaveAt": "14:25",
    "price": "34 Euros",
    "trainID": "DE039"
  },
  {
    "arriveBy": "18:42",
    "day": "Freitag",
    "departure": "Frankfurt am Main",
    "destination": "Berlin",
    "duration": "4 Stunden 17 Minuten",
    "leaveAt": "14:25",
    "price": "20 Euros",
    "trainID": "DE040"
  },
  {
    "arriveBy": "18:42",
    "day": "Samstag",
    "departure": "Frankfurt am Main",
    "destination": "Berlin",
    "duration": "4 Stunden 17 Minuten",
    "leaveAt": "14:25",
    "price": "34 Euros",
    "trainID": "DE041"
  },
  {
    "arriveBy": "18:42",
    "day": "Sonntag",
    "departure": "Frankfurt am Main",
    "destination": "Berlin",
    "duration": "4 Stunden 17 Minuten",
    "leaveAt": "14:25",
    "price": "32 Euros",
    "trainID": "DE042"
  },
  {
    "arriveBy": "01:01",
    "day": "Montag",
    "departure": "Stuttgart",
    "destination": "Berlin",
    "duration": "6 Stunden 50 Minuten",
    "leaveAt": "18:11",
    "price": "29 Euros",
    "trainID": "DE043"
  },
  {
    "arriveBy": "01:01",
    "day": "Dienstag",
    "departure": "Stuttgart",
    "destination": "Berlin",
    "duration": "6 Stunden 50 Minuten",
    "leaveAt": "18:11",
    "price": "37 Euros",
    "trainID": "DE044"
  },
  {
    "arriveBy": "01:01",
    "day": "Mittwoch",
    "departure": "Stuttgart",
    "destination": "Berlin",
    "duration": "6 Stunden 50 Minuten",
    "leaveAt": "18:11",
    "price": "38 Euros",
    "trainID": "DE045"
  },
  {
    "arriveBy": "01:01",
    "day": "Donnerstag",
    "departure": "Stuttgart",
    "destination": "Berlin",
    "duration": "6 Stunden 50 Minuten",
    "leaveAt": "18:11",
    "price": "35 Euros",
    "trainID": "DE046"
  },
  {
    "arriveBy": "01:01",
    "day": "Freitag",
    "departure": "Stuttgart",
    "destination": "Berlin",
    "duration": "6 Stunden 50 Minuten",
    "leaveAt": "18:11",
    "price": "39 Euros",
    "trainID": "DE047"
  },
  {
    "arriveBy": "01:01",
    "day": "Samstag",
    "departure": "Stuttgart",
    "destination": "Berlin",
    "duration": "6 Stunden 50 Minuten",
    "leaveAt": "18:11",
    "price": "28 Euros",
    "trainID": "DE048"
  },
  {
    "arriveBy": "01:01",
    "day": "Sonntag",
    "departure": "Stuttgart",
    "destination": "Berlin",
    "duration": "6 Stunden 50 Minuten",
    "leaveAt": "18:11",
    "price": "25 Euros",
    "trainID": "DE049"
  },
  {
    "arriveBy": "16:30",
    "day": "Montag",
    "departure": "Stuttgart",
    "destination": "Berlin",
    "duration": "7 Stunden 55 Minuten",
    "leaveAt": "08:35",
    "price": "35 Euros",
    "trainID": "DE050"
  },
  {
    "arriveBy": "16:30",
    "day": "Dienstag",
    "departure": "Stuttgart",
    "destination": "Berlin",
    "duration": "7 Stunden 55 Minuten",
    "leaveAt": "08:35",
    "price": "39 Euros",
    "trainID": "DE051"
  },
  {
    "arriveBy": "16:30",
    "day": "Mittwoch",
    "departure": "Stuttgart",
    "destination": "Berlin",
    "duration": "7 Stunden 55 Minuten",
    "leaveAt": "08:35",
    "price": "37 Euros",
    "trainID": "DE052"
  },
  {
    "arriveBy": "16:30",
    "day": "Donnerstag",
    "departure": "Stuttgart",
    "destination": "Berlin",
    "duration": "7 Stunden 55 Minuten",
    "leaveAt": "08:35",
    "price": "27 Euros",
    "trainID": "DE053"
  },
  {
    "arriveBy": "16:30",
    "day": "Freitag",
    "departure": "Stuttgart",
    "destination": "Berlin",
    "duration": "7 Stunden 55 Minuten",
    "leaveAt": "08:35",
    "price": "34 Euros",
    "trainID": "DE054"
  },
  {
    "arriveBy": "16:30",
    "day": "Samstag",
    "departure": "Stuttgart",
    "destination": "Berlin",
    "duration": "7 Stunden 55 Minuten",
    "leaveAt": "08:35",
    "price": "38 Euros",
    "trainID": "DE055"
  },
  {
    "arriveBy": "16:30",
    "day": "Sonntag",
    "departure": "Stuttgart",
    "destination": "Berlin",
    "duration": "7 Stunden 55 Minuten",
    "leaveAt": "08:35",
    "price": "23 Euros",
    "trainID": "DE056"
  },
  {
    "arriveBy": "15:10",
    "day": "Montag",
    "departure": "Düsseldorf",
    "destination": "Berlin",
    "duration": "4 Stunden 18 Minuten",
    "leaveAt": "10:52",
    "price": "20 Euros",
    "trainID": "DE057"
  },
  {
    "arriveBy": "15:10",
    "day": "Dienstag",
    "departure": "Düsseldorf",
    "destination": "Berlin",
    "duration": "4 Stunden 18 Minuten",
    "leaveAt": "10:52",
    "price": "23 Euros",
    "trainID": "DE058"
  },
  {
    "arriveBy": "15:10",
    "day": "Mittwoch",
    "departure": "Düsseldorf",
    "destination": "Berlin",
    "duration": "4 Stunden 18 Minuten",
    "leaveAt": "10:52",
    "price": "36 Euros",
    "trainID": "DE059"
  },
  {
    "arriveBy": "15:10",
    "day": "Donnerstag",
    "departure": "Düsseldorf",
    "destination": "Berlin",
    "duration": "4 Stunden 18 Minuten",
    "leaveAt": "10:52",
    "price": "25 Euros",
    "trainID": "DE060"
  },
  {
    "arriveBy": "15:10",
    "day": "Freitag",
    "departure": "Düsseldorf",
    "destination": "Berlin",
    "duration": "4 Stunden 18 Minuten",
    "leaveAt": "10:52",
    "price": "39 Euros",
    "trainID": "DE061"
  },
  {
    "arriveBy": "15:10",
    "day": "Samstag",
    "departure": "Düsseldorf",
    "destination": "Berlin",
    "duration": "4 Stunden 18 Minuten",
    "leaveAt": "10:52",
    "price": "31 Euros",
    "trainID": "DE062"
  },
  {
    "arriveBy": "15:10",
    "day": "Sonntag",
    "departure": "Düsseldorf",
    "destination": "Berlin",
    "duration": "4 Stunden 18 Minuten",
    "leaveAt": "10:52",
    "price": "21 Euros",
    "trainID": "DE063"
  },
  {
    "arriveBy": "19:09",
    "day": "Montag",
    "departure": "Düsseldorf",
    "destination": "Berlin",
    "duration": "4 Stunden 18 Minuten",
    "leaveAt": "14:51",
    "price": "36 Euros",
    "trainID": "DE064"
  },
  {
    "arriveBy": "19:09",
    "day": "Dienstag",
    "departure": "Düsseldorf",
    "destination": "Berlin",
    "duration": "4 Stunden 18 Minuten",
    "leaveAt": "14:51",
    "price": "39 Euros",
    "trainID": "DE065"
  },
  {
    "arriveBy": "19:09",
    "day": "Mittwoch",
    "departure": "Düsseldorf",
    "destination": "Berlin",
    "duration": "4 Stunden 18 Minuten",
    "leaveAt": "14:51",
    "price": "36 Euros",
    "trainID": "DE066"
  },
  {
    "arriveBy": "19:09",
    "day": "Donnerstag",
    "departure": "Düsseldorf",
    "destination": "Berlin",
    "duration": "4 Stunden 18 Minuten",
    "leaveAt": "14:51",
    "price": "31 Euros",
    "trainID": "DE067"
  },
  {
    "arriveBy": "19:09",
    "day": "Freitag",
    "departure": "Düsseldorf",
    "destination": "Berlin",
    "duration": "4 Stunden 18 Minuten",
    "leaveAt": "14:51",
    "price": "38 Euros",
    "trainID": "DE068"
  },
  {
    "arriveBy": "19:09",
    "day": "Samstag",
    "departure": "Düsseldorf",
    "destination": "Berlin",
    "duration": "4 Stunden 18 Minuten",
    "leaveAt": "14:51",
    "price": "27 Euros",
    "trainID": "DE069"
  },
  {
    "arriveBy": "19:09",
    "day": "Sonntag",
    "departure": "Düsseldorf",
    "destination": "Berlin",
    "duration": "4 Stunden 18 Minuten",
    "leaveAt": "14:51",
    "price": "33 Euros",
    "trainID": "DE070"
  },
  {
    "arriveBy": "17:36",
    "day": "Montag",
    "departure": "Dortmund",
    "destination": "Berlin",
    "duration": "5 Stunden 3 Minuten",
    "leaveAt": "12:33",
    "price": "23 Euros",
    "trainID": "DE071"
  },
  {
    "arriveBy": "17:36",
    "day": "Dienstag",
    "departure": "Dortmund",
    "destination": "Berlin",
    "duration": "5 Stunden 3 Minuten",
    "leaveAt": "12:33",
    "price": "30 Euros",
    "trainID": "DE072"
  },
  {
    "arriveBy": "17:36",
    "day": "Mittwoch",
    "departure": "Dortmund",
    "destination": "Berlin",
    "duration": "5 Stunden 3 Minuten",
    "leaveAt": "12:33",
    "price": "38 Euros",
    "trainID": "DE073"
  },
  {
    "arriveBy": "17:36",
    "day": "Donnerstag",
    "departure": "Dortmund",
    "destination": "Berlin",
    "duration": "5 Stunden 3 Minuten",
    "leaveAt": "12:33",
    "price": "23 Euros",
    "trainID": "DE074"
  },
  {
    "arriveBy": "17:36",
    "day": "Freitag",
    "departure": "Dortmund",
    "destination": "Berlin",
    "duration": "5 Stunden 3 Minuten",
    "leaveAt": "12:33",
    "price": "23 Euros",
    "trainID": "DE075"
  },
  {
    "arriveBy": "17:36",
    "day": "Samstag",
    "departure": "Dortmund",
    "destination": "Berlin",
    "duration": "5 Stunden 3 Minuten",
    "leaveAt": "12:33",
    "price": "28 Euros",
    "trainID": "DE076"
  },
  {
    "arriveBy": "17:36",
    "day": "Sonntag",
    "departure": "Dortmund",
    "destination": "Berlin",
    "duration": "5 Stunden 3 Minuten",
    "leaveAt": "12:33",
    "price": "39 Euros",
    "trainID": "DE077"
  },
  {
    "arriveBy": "20:54",
    "day": "Montag",
    "departure": "Dortmund",
    "destination": "Berlin",
    "duration": "5 Stunden 22 Minuten",
    "leaveAt": "15:32",
    "price": "30 Euros",
    "trainID": "DE078"
  },
  {
    "arriveBy": "20:54",
    "day": "Dienstag",
    "departure": "Dortmund",
    "destination": "Berlin",
    "duration": "5 Stunden 22 Minuten",
    "leaveAt": "15:32",
    "price": "20 Euros",
    "trainID": "DE079"
  },
  {
    "arriveBy": "20:54",
    "day": "Mittwoch",
    "departure": "Dortmund",
    "destination": "Berlin",
    "duration": "5 Stunden 22 Minuten",
    "leaveAt": "15:32",
    "price": "27 Euros",
    "trainID": "DE080"
  },
  {
    "arriveBy": "20:54",
    "day": "Donnerstag",
    "departure": "Dortmund",
    "destination": "Berlin",
    "duration": "5 Stunden 22 Minuten",
    "leaveAt": "15:32",
    "price": "20 Euros",
    "trainID": "DE081"
  },
  {
    "arriveBy": "20:54",
    "day": "Freitag",
    "departure": "Dortmund",
    "destination": "Berlin",
    "duration": "5 Stunden 22 Minuten",
    "leaveAt": "15:32",
    "price": "28 Euros",
    "trainID": "DE082"
  },
  {
    "arriveBy": "20:54",
    "day": "Samstag",
    "departure": "Dortmund",
    "destination": "Berlin",
    "duration": "5 Stunden 22 Minuten",
    "leaveAt": "15:32",
    "price": "31 Euros",
    "trainID": "DE083"
  },
  {
    "arriveBy": "20:54",
    "day": "Sonntag",
    "departure": "Dortmund",
    "destination": "Berlin",
    "duration": "5 Stunden 22 Minuten",
    "leaveAt": "15:32",
    "price": "30 Euros",
    "trainID": "DE084"
  },
  {
    "arriveBy": "15:16",
    "day": "Montag",
    "departure": "Leipzig",
    "destination": "Berlin",
    "duration": "4 Stunden 21 Minuten",
    "leaveAt": "10:55",
    "price": "20 Euros",
    "trainID": "DE085"
  },
  {
    "arriveBy": "15:16",
    "day": "Dienstag",
    "departure": "Leipzig",
    "destination": "Berlin",
    "duration": "4 Stunden 21 Minuten",
    "leaveAt": "10:55",
    "price": "26 Euros",
    "trainID": "DE086"
  },
  {
    "arriveBy": "15:16",
    "day": "Mittwoch",
    "departure": "Leipzig",
    "destination": "Berlin",
    "duration": "4 Stunden 21 Minuten",
    "leaveAt": "10:55",
    "price": "20 Euros",
    "trainID": "DE087"
  },
  {
    "arriveBy": "15:16",
    "day": "Donnerstag",
    "departure": "Leipzig",
    "destination": "Berlin",
    "duration": "4 Stunden 21 Minuten",
    "leaveAt": "10:55",
    "price": "23 Euros",
    "trainID": "DE088"
  },
  {
    "arriveBy": "15:16",
    "day": "Freitag",
    "departure": "Leipzig",
    "destination": "Berlin",
    "duration": "4 Stunden 21 Minuten",
    "leaveAt": "10:55",
    "price": "34 Euros",
    "trainID": "DE089"
  },
  {
    "arriveBy": "15:16",
    "day": "Samstag",
    "departure": "Leipzig",
    "destination": "Berlin",
    "duration": "4 Stunden 21 Minuten",
    "leaveAt": "10:55",
    "price": "28 Euros",
    "trainID": "DE090"
  },
  {
    "arriveBy": "15:16",
    "day": "Sonntag",
    "departure": "Leipzig",
    "destination": "Berlin",
    "duration": "4 Stunden 21 Minuten",
    "leaveAt": "10:55",
    "price": "25 Euros",
    "trainID": "DE091"
  },
  {
    "arriveBy": "16:46",
    "day": "Montag",
    "departure": "Leipzig",
    "destination": "Berlin",
    "duration": "4 Stunden 21 Minuten",
    "leaveAt": "12:25",
    "price": "39 Euros",
    "trainID": "DE092"
  },
  {
    "arriveBy": "16:46",
    "day": "Dienstag",
    "departure": "Leipzig",
    "destination": "Berlin",
    "duration": "4 Stunden 21 Minuten",
    "leaveAt": "12:25",
    "price": "34 Euros",
    "trainID": "DE093"
  },
  {
    "arriveBy": "16:46",
    "day": "Mittwoch",
    "departure": "Leipzig",
    "destination": "Berlin",
    "duration": "4 Stunden 21 Minuten",
    "leaveAt": "12:25",
    "price": "28 Euros",
    "trainID": "DE094"
  },
  {
    "arriveBy": "16:46",
    "day": "Donnerstag",
    "departure": "Leipzig",
    "destination": "Berlin",
    "duration": "4 Stunden 21 Minuten",
    "leaveAt": "12:25",
    "price": "38 Euros",
    "trainID": "DE095"
  },
  {
    "arriveBy": "16:46",
    "day": "Freitag",
    "departure": "Leipzig",
    "destination": "Berlin",
    "duration": "4 Stunden 21 Minuten",
    "leaveAt": "12:25",
    "price": "22 Euros",
    "trainID": "DE096"
  },
  {
    "arriveBy": "16:46",
    "day": "Samstag",
    "departure": "Leipzig",
    "destination": "Berlin",
    "duration": "4 Stunden 21 Minuten",
    "leaveAt": "12:25",
    "price": "23 Euros",
    "trainID": "DE097"
  },
  {
    "arriveBy": "16:46",
    "day": "Sonntag",
    "departure": "Leipzig",
    "destination": "Berlin",
    "duration": "4 Stunden 21 Minuten",
    "leaveAt": "12:25",
    "price": "36 Euros",
    "trainID": "DE098"
  },
  {
    "arriveBy": "17:36",
    "day": "Montag",
    "departure": "Essen",
    "destination": "Berlin",
    "duration": "5 Stunden 27 Minuten",
    "leaveAt": "12:09",
    "price": "30 Euros",
    "trainID": "DE099"
  },
  {
    "arriveBy": "17:36",
    "day": "Dienstag",
    "departure": "Essen",
    "destination": "Berlin",
    "duration": "5 Stunden 27 Minuten",
    "leaveAt": "12:09",
    "price": "34 Euros",
    "trainID": "DE100"
  }
]