[
  {
    "taxi-arriveby": "10:45",
    "taxi-leaveat": "10:15"
  },
  {
    "taxi-arriveby": "11:00",
    "taxi-leaveat": "10:30"
  },
  {
    "taxi-arriveby": "11:15",
    "taxi-leaveat": "10:45"
  },
  {
    "taxi-arriveby": "11:30",
    "taxi-leaveat": "11:00"
  },
  {
    "taxi-arriveby": "11:45",
    "taxi-leaveat": "11:15"
  },
  {
    "taxi-arriveby": "12:00",
    "taxi-leaveat": "11:30"
  },
  {
    "taxi-arriveby": "12:15",
    "taxi-leaveat": "11:45"
  },
  {
    "taxi-arriveby": "12:30",
    "taxi-leaveat": "12:00"
  },
  {
    "taxi-arriveby": "12:45",
    "taxi-leaveat": "12:15"
  }
]